{
  "id": 1966438,
  "name": "Abominable Unchained Soul",
  "is_illegal": false,
  "is_custom": false,
  "text": "You can only Special Summon \"Abominable Unchained Soul(s)\" once per turn. If a card(s) you control is destroyed by battle or card effect: You can Special Summon this card from your hand. If this card is Special Summoned: You can discard 1 card; destroy 1 card on the field. Once per turn, during the End Phase, if this card is in the GY because it was destroyed on the field and sent there this turn: You can Special Summon this card, but place it on the bottom of the Deck when it leaves the field.",
  "images": [
    "https://storage.googleapis.com/ygoprodeck.com/pics/1966438.jpg"
  ],
  "type": "Monster",
  "attribute": "DARK",
  "atk": 3000,
  "species": "Fiend",
  "monster_type": "",
  "is_pendulum": false,
  "ability": "",
  "has_effect": true,
  "def": 1500,
  "level": 8,
  "is_tuner": false
}