{
  "id": 67748760,
  "name": "Absorouter Dragon",
  "is_illegal": false,
  "is_custom": false,
  "text": "If you control a \"Rokket\" monster, you can Special Summon this card (from your hand). You can only Special Summon \"Absorouter Dragon\" once per turn this way. If this card is sent to the GY: You can add 1 \"Rokket\" monster from your Deck to your hand. You can only use this effect of \"Absorouter Dragon\" once per turn.",
  "images": [
    "https://storage.googleapis.com/ygoprodeck.com/pics/67748760.jpg"
  ],
  "type": "Monster",
  "attribute": "DARK",
  "atk": 1200,
  "species": "Dragon",
  "monster_type": "",
  "is_pendulum": false,
  "ability": "",
  "has_effect": true,
  "def": 2800,
  "level": 7,
  "is_tuner": false
}