{
  "id": 13662809,
  "name": "Abyss Script - Rise of the Abyss King",
  "is_illegal": false,
  "is_custom": false,
  "text": "Target face-up cards on the field, up to the number of Attack Position \"Abyss Actor\" monsters with different names you control; destroy them. If you control a Level 7 or higher \"Abyss Actor\" monster, your opponent cannot activate cards or effects in response to this card\u0027s activation. If this Set card in its owner\u0027s control is destroyed by an opponent\u0027s card effect, and you have a face-up \"Abyss Actor\" Pendulum Monster in your Extra Deck: You can add up to 2 \"Abyss Actor\" cards and/or \"Abyss Script\" Spells with different names from your Deck to your hand.",
  "images": [
    "https://storage.googleapis.com/ygoprodeck.com/pics/13662809.jpg"
  ],
  "type": "Spell",
  "spell_type": "Normal"
}