{
  "id": 86578200,
  "name": "Abyss Prop - Wild Wagon",
  "is_illegal": false,
  "is_custom": false,
  "text": "The first time each \"Abyss Actor\" monster you control would be destroyed by battle each turn, it is not destroyed. Once per turn: You can target 1 \"Abyss Actor\" monster you control; your opponent cannot target it with card effects until the end of their turn (even if this card leaves the field). If this Set card in its owner\u0027s control is destroyed by an opponent\u0027s card effect, and you have a face-up \"Abyss Actor\" Pendulum Monster in your Extra Deck: You can return all cards your opponent controls to the hand.",
  "images": [
    "https://storage.googleapis.com/ygoprodeck.com/pics/86578200.jpg"
  ],
  "type": "Spell",
  "spell_type": "Continuous"
}