{
  "id": 70564929,
  "name": "Abyss Script - Abysstainment",
  "is_illegal": false,
  "is_custom": false,
  "text": "You can Tribute 1 \"Abyss Actor\" monster, then target 1 \"Abyss Script\" Spell in your GY; Set it to your field. You can use this effect of \"Abyss Script - Abysstainment\" up to twice per turn. If this Set card in its owner\u0027s control is destroyed by an opponent\u0027s card effect, and you have a face-up \"Abyss Actor\" Pendulum Monster in your Extra Deck: You can Special Summon any number of \"Abyss Actor\" Pendulum Monsters from your Deck.",
  "images": [
    "https://storage.googleapis.com/ygoprodeck.com/pics/70564929.jpg"
  ],
  "type": "Spell",
  "spell_type": "Continuous"
}