{
  "id": 51391183,
  "name": "Abyss Actor - Wild Hope",
  "is_illegal": false,
  "is_custom": false,
  "text": "Once per turn: You can make this card gain 100 ATK for each \"Abyss Actor\" monster you currently control with different names, until the end of this turn. If this card is destroyed by battle or card effect: You can add 1 \"Abyss Actor\" card from your Deck to your hand, except \"Abyss Actor - Wild Hope\". You can only use this effect of \"Abyss Actor - Wild Hope\" once per turn.",
  "images": [
    "https://storage.googleapis.com/ygoprodeck.com/pics/51391183.jpg"
  ],
  "type": "Monster",
  "attribute": "DARK",
  "atk": 1600,
  "species": "Fiend",
  "monster_type": "",
  "is_pendulum": true,
  "ability": "",
  "has_effect": true,
  "def": 1200,
  "level": 4,
  "is_tuner": false,
  "pendulum_text": "Once per turn: You can target 1 \"Abyss Actor\" card in your other Pendulum Zone; its Pendulum Scale becomes 9 until the end of this turn, also you cannot Special Summon monsters for the rest of this turn, except \"Abyss Actor\" monsters (even if this card leaves the field).\n",
  "pendulum_scale_left_blue": 2,
  "pendulum_scale_right_red": 2
}