{
  "id": 99634927,
  "name": "Abyss Actor - Funky Comedian",
  "is_illegal": false,
  "is_custom": false,
  "text": "If this card is Normal or Special Summoned: You can make this card gain 300 ATK for each \"Abyss Actor\" monster you currently control, until the end of this turn. You can target 1 other \"Abyss Actor\" monster you control; it gains ATK equal to this card\u0027s current ATK, until the end of this turn. This card cannot attack the turn this effect is activated. You can only use this effect of \"Abyss Actor - Funky Comedian\" once per turn.",
  "images": [
    "https://storage.googleapis.com/ygoprodeck.com/pics/99634927.jpg"
  ],
  "type": "Monster",
  "attribute": "DARK",
  "atk": 300,
  "species": "Fiend",
  "monster_type": "",
  "is_pendulum": true,
  "ability": "",
  "has_effect": true,
  "def": 200,
  "level": 1,
  "is_tuner": false,
  "pendulum_text": "Once per turn: You can Tribute 1 \"Abyss Actor\" monster, then target 1 \"Abyss Actor\" monster you control; it gains ATK equal to the original ATK of the Tributed monster, until the end of this turn (even if this card leaves the field).\n",
  "pendulum_scale_left_blue": 8,
  "pendulum_scale_right_red": 8
}