{
  "id": 47372349,
  "name": "Acrobat Monkey",
  "is_illegal": false,
  "is_custom": false,
  "text": "An autonomous monkey type robot which was developed with cutting-edge technology. It moves very acrobatically.",
  "images": [
    "https://storage.googleapis.com/ygoprodeck.com/pics/47372349.jpg"
  ],
  "type": "Monster",
  "attribute": "EARTH",
  "atk": 1000,
  "species": "Machine",
  "monster_type": "",
  "is_pendulum": false,
  "ability": "",
  "has_effect": false,
  "def": 1800,
  "level": 3,
  "is_tuner": false
}