{
  "id": 48519867,
  "name": "Adamancipator Seeker",
  "is_illegal": false,
  "is_custom": false,
  "text": "If you control an \"Adamancipator\" monster, except \"Adamancipator Seeker\": You can Special Summon this card from your hand. During your Main Phase: You can excavate the top 5 cards of your Deck, and if you do, you can Special Summon 1 excavated Level 4 or lower non-Tuner Rock monster, also place the rest on the bottom of your Deck in any order. You can only use each effect of \"Adamancipator Seeker\" once per turn.",
  "images": [
    "https://storage.googleapis.com/ygoprodeck.com/pics/48519867.jpg"
  ],
  "type": "Monster",
  "attribute": "EARTH",
  "atk": 1200,
  "species": "Rock",
  "monster_type": "",
  "is_pendulum": false,
  "ability": "",
  "has_effect": false,
  "def": 1000,
  "level": 2,
  "is_tuner": true
}