{
  "id": 73079836,
  "name": "Adamancipator Risen - Raptite",
  "is_illegal": false,
  "is_custom": false,
  "text": "1 Tuner + 1+ non-Tuner monsters\nDuring your Main Phase: You can excavate the top 5 cards of your Deck, and if you do, you can Special Summon 1 excavated Rock monster in Defense Position, also place the rest on the bottom of your Deck in any order. During your opponent\u0027s turn, if a WIND monster is in your GY (Quick Effect): You can target 1 card in your opponent\u0027s GY; banish it. You can only use each effect of \"Adamancipator Risen - Raptite\" once per turn.",
  "images": [
    "https://storage.googleapis.com/ygoprodeck.com/pics/73079836.jpg"
  ],
  "type": "Monster",
  "attribute": "WIND",
  "atk": 2200,
  "species": "Rock",
  "monster_type": "Synchro",
  "is_pendulum": false,
  "ability": "",
  "has_effect": true,
  "def": 2800,
  "level": 6,
  "is_tuner": false
}