{
  "id": 9464441,
  "name": "Adamancipator Risen - Dragite",
  "is_illegal": false,
  "is_custom": false,
  "text": "1 Tuner + 1+ non-Tuner monsters\nDuring your Main Phase: You can excavate the top 5 cards of your Deck, and if you do, you can return cards your opponent controls to the hand, up to the number of excavated Rock monsters, also place the excavated cards on the bottom of your Deck in any order. When your opponent activates a Spell/Trap Card or effect, while a WATER monster is in your GY (Quick Effect): You can negate the activation, and if you do, destroy it. You can only use each effect of \"Adamancipator Risen - Dragite\" once per turn.",
  "images": [
    "https://storage.googleapis.com/ygoprodeck.com/pics/9464441.jpg"
  ],
  "type": "Monster",
  "attribute": "WATER",
  "atk": 3000,
  "species": "Rock",
  "monster_type": "Synchro",
  "is_pendulum": false,
  "ability": "",
  "has_effect": true,
  "def": 2200,
  "level": 8,
  "is_tuner": false
}