{
  "id": 76224717,
  "name": "Advance Zone",
  "is_illegal": false,
  "is_custom": false,
  "text": "Once per turn, during the End Phase of any turn in which you Tribute Summoned a monster(s): You can apply these effects, in sequence, based on the number of monsters you Tributed for Tribute Summons this turn.\n? 1 or more: Destroy 1 Set card your opponent controls.\n? 2 or more: Draw 1 card.\n? 3 or more: Add 1 monster from your Graveyard to your hand.",
  "images": [
    "https://storage.googleapis.com/ygoprodeck.com/pics/76224717.jpg"
  ],
  "type": "Spell",
  "spell_type": "Continuous"
}