{
  "id": 28865322,
  "name": "Aether, the Evil Empowering Dragon",
  "is_illegal": false,
  "is_custom": false,
  "text": "When this card is Normal or Special Summoned: You can target 1 monster on the field; banish it.",
  "images": [
    "https://storage.googleapis.com/ygoprodeck.com/pics/28865322.jpg"
  ],
  "type": "Monster",
  "attribute": "DARK",
  "atk": 2300,
  "species": "Dragon",
  "monster_type": "",
  "is_pendulum": true,
  "ability": "",
  "has_effect": true,
  "def": 1600,
  "level": 6,
  "is_tuner": false,
  "pendulum_text": "Once per turn: You can banish 1 \"Empowered Warrior\" monster from your Graveyard, then target 1 card on the field; destroy it.\n",
  "pendulum_scale_left_blue": 4,
  "pendulum_scale_right_red": 4
}