{
  "id": 28776350,
  "name": "Akashic Magician",
  "is_illegal": false,
  "is_custom": false,
  "text": "2 monsters with the same Type, except Tokens\nYou can only Link Summon \"Akashic Magician(s)\" once per turn. If this card is Link Summoned: Return all monsters this card points to to the hand. Once per turn: You can declare 1 card name; excavate cards from the top of your Deck, equal to the total Link Rating of the Link Monsters co-linked to this card, then if you excavated any copies of the declared card, add them to your hand, also send the remaining cards to the GY.",
  "images": [
    "https://storage.googleapis.com/ygoprodeck.com/pics/28776350.jpg"
  ],
  "type": "Monster",
  "attribute": "DARK",
  "atk": 1700,
  "species": "Spellcaster",
  "monster_type": "Link",
  "is_pendulum": false,
  "ability": "",
  "has_effect": true,
  "link_rating": 2,
  "link_arrows": 34
}