{
  "id": 97973962,
  "name": "Aleister the Invoker of Madness",
  "is_illegal": false,
  "is_custom": false,
  "text": "2 monsters with different Types and different Attributes\nThis card\u0027s name becomes \"Aleister the Invoker\" while on the field or in the GY. If a monster is Fusion Summoned while you control this monster (except during the Damage Step): You can discard 1 card, and if you do, add 1 \"Invocation\" or \"The Book of the Law\" from your Deck to your hand. If this face-up card you control leaves the field because of an opponent\u0027s card effect: You can add 1 \"Omega Summon\" from your Deck to your hand.",
  "images": [
    "https://storage.googleapis.com/ygoprodeck.com/pics/97973962.jpg"
  ],
  "type": "Monster",
  "attribute": "DARK",
  "atk": 1800,
  "species": "Spellcaster",
  "monster_type": "Link",
  "is_pendulum": false,
  "ability": "",
  "has_effect": true,
  "link_rating": 2,
  "link_arrows": 80
}