{
  "id": 652362,
  "name": "Alien Ammonite",
  "is_illegal": false,
  "is_custom": false,
  "text": "When this card is Normal Summoned, you can Special Summon 1 Level 4 or lower \"Alien\" monster from your Graveyard. Destroy it during the End Phase.",
  "images": [
    "https://storage.googleapis.com/ygoprodeck.com/pics/652362.jpg"
  ],
  "type": "Monster",
  "attribute": "LIGHT",
  "atk": 500,
  "species": "Reptile",
  "monster_type": "",
  "is_pendulum": false,
  "ability": "",
  "has_effect": false,
  "def": 200,
  "level": 1,
  "is_tuner": true
}