{
  "id": 24104865,
  "name": "Alien Mother",
  "is_illegal": false,
  "is_custom": false,
  "text": "If this card destroys a monster with an A-Counter by battle and sends it to the Graveyard, Special Summon the destroyed monster to your side of the field at the end of the Battle Phase. When this card is removed from the field, all monsters that were Special Summoned by this card\u0027s effect are destroyed.",
  "images": [
    "https://storage.googleapis.com/ygoprodeck.com/pics/24104865.jpg"
  ],
  "type": "Monster",
  "attribute": "DARK",
  "atk": 2300,
  "species": "Reptile",
  "monster_type": "",
  "is_pendulum": false,
  "ability": "",
  "has_effect": true,
  "def": 1500,
  "level": 6,
  "is_tuner": false
}