{
  "id": 64428736,
  "name": "Alligator\u0027s Sword",
  "is_illegal": false,
  "is_custom": false,
  "text": "ey, dis mighty lissard man can swing his sword so fast, dat it\u0027s more dan da speed a sound!",
  "images": [
    "https://storage.googleapis.com/ygoprodeck.com/pics/64428736.jpg"
  ],
  "type": "Monster",
  "attribute": "EARTH",
  "atk": 1500,
  "species": "Beast",
  "monster_type": "",
  "is_pendulum": false,
  "ability": "",
  "has_effect": false,
  "def": 1200,
  "level": 4,
  "is_tuner": false
}