{
  "id": 76650663,
  "name": "Ally of Justice Nullfier",
  "is_illegal": false,
  "is_custom": false,
  "text": "Any LIGHT monster that has battled this card has its effects negated (starting after damage calculation).",
  "images": [
    "https://storage.googleapis.com/ygoprodeck.com/pics/76650663.jpg"
  ],
  "type": "Monster",
  "attribute": "DARK",
  "atk": 1600,
  "species": "Machine",
  "monster_type": "",
  "is_pendulum": false,
  "ability": "",
  "has_effect": true,
  "def": 1200,
  "level": 4,
  "is_tuner": false
}