{
  "id": 59482302,
  "name": "Ally Salvo",
  "is_illegal": false,
  "is_custom": false,
  "text": "When this card is destroyed by battle with a LIGHT monster and sent to the Graveyard, select 2 cards on the field and destroy them.",
  "images": [
    "https://storage.googleapis.com/ygoprodeck.com/pics/59482302.jpg"
  ],
  "type": "Monster",
  "attribute": "DARK",
  "atk": 400,
  "species": "Machine",
  "monster_type": "",
  "is_pendulum": false,
  "ability": "",
  "has_effect": true,
  "def": 300,
  "level": 2,
  "is_tuner": false
}