{
  "id": 36629203,
  "name": "Ally of Justice Core Destroyer",
  "is_illegal": false,
  "is_custom": false,
  "text": "At the start of the Damage Step, if this card battles a LIGHT monster: Destroy that monster.",
  "images": [
    "https://storage.googleapis.com/ygoprodeck.com/pics/36629203.jpg"
  ],
  "type": "Monster",
  "attribute": "DARK",
  "atk": 1200,
  "species": "Machine",
  "monster_type": "",
  "is_pendulum": false,
  "ability": "",
  "has_effect": true,
  "def": 200,
  "level": 3,
  "is_tuner": false
}