{
  "id": 8822710,
  "name": "Ally of Justice Cosmic Gateway",
  "is_illegal": false,
  "is_custom": false,
  "text": "If your opponent controls 2 or more monsters, including a LIGHT monster, you can Special Summon this card from your hand.",
  "images": [
    "https://storage.googleapis.com/ygoprodeck.com/pics/8822710.jpg"
  ],
  "type": "Monster",
  "attribute": "DARK",
  "atk": 2400,
  "species": "Machine",
  "monster_type": "",
  "is_pendulum": false,
  "ability": "",
  "has_effect": true,
  "def": 1200,
  "level": 8,
  "is_tuner": false
}