{
  "id": 85876417,
  "name": "Ally of Justice Thousand Arms",
  "is_illegal": false,
  "is_custom": false,
  "text": "This card can attack all face-up LIGHT monsters your opponent controls once each. If this card battles a non-LIGHT monster, destroy this card before damage calculation.",
  "images": [
    "https://storage.googleapis.com/ygoprodeck.com/pics/85876417.jpg"
  ],
  "type": "Monster",
  "attribute": "DARK",
  "atk": 1700,
  "species": "Machine",
  "monster_type": "",
  "is_pendulum": false,
  "ability": "",
  "has_effect": true,
  "def": 0,
  "level": 4,
  "is_tuner": false
}