{
  "id": 25771826,
  "name": "Ally of Justice Garadholg",
  "is_illegal": false,
  "is_custom": false,
  "text": "If this card battles a LIGHT monster, it gains 200 ATK during the Damage Step only.",
  "images": [
    "https://storage.googleapis.com/ygoprodeck.com/pics/25771826.jpg"
  ],
  "type": "Monster",
  "attribute": "DARK",
  "atk": 1600,
  "species": "Machine",
  "monster_type": "",
  "is_pendulum": false,
  "ability": "",
  "has_effect": true,
  "def": 400,
  "level": 4,
  "is_tuner": false
}