{
  "id": 22371016,
  "name": "Ally of Justice Unknown Crusher",
  "is_illegal": false,
  "is_custom": false,
  "text": "When this card battles a LIGHT monster, remove that monster from play after damage calculation.",
  "images": [
    "https://storage.googleapis.com/ygoprodeck.com/pics/22371016.jpg"
  ],
  "type": "Monster",
  "attribute": "DARK",
  "atk": 1200,
  "species": "Machine",
  "monster_type": "",
  "is_pendulum": false,
  "ability": "",
  "has_effect": true,
  "def": 800,
  "level": 3,
  "is_tuner": false
}