{
  "id": 92998610,
  "name": "Aloof Lupine",
  "is_illegal": false,
  "is_custom": false,
  "text": "When this card is Normal Summoned: You can banish 1 monster from your hand; banish 1 monster from your Deck with the same Type as that monster. If this card is destroyed by battle, or if this card in its owner\u0027s possession is destroyed by an opponent\u0027s card effect: You can target 1 of your banished monsters; add it to your hand. You can only use each effect of \"Aloof Lupine\" once per turn.",
  "images": [
    "https://storage.googleapis.com/ygoprodeck.com/pics/92998610.jpg"
  ],
  "type": "Monster",
  "attribute": "DARK",
  "atk": 1700,
  "species": "Beast",
  "monster_type": "",
  "is_pendulum": false,
  "ability": "",
  "has_effect": true,
  "def": 300,
  "level": 4,
  "is_tuner": false
}