{
  "id": 77797992,
  "name": "Alpacaribou, Mystical Beast of the Forest",
  "is_illegal": false,
  "is_custom": false,
  "text": "? While in Attack Position: Attack Position Winged Beast, Insect, and Plant-Type monsters you control cannot be destroyed by battle.\n? While in Defense Position: Defense Position Winged Beast, Insect, and Plant-Type monsters you control cannot be targeted by, or be destroyed by, card effects.",
  "images": [
    "https://storage.googleapis.com/ygoprodeck.com/pics/77797992.jpg"
  ],
  "type": "Monster",
  "attribute": "EARTH",
  "atk": 2700,
  "species": "Beast",
  "monster_type": "",
  "is_pendulum": false,
  "ability": "",
  "has_effect": true,
  "def": 2100,
  "level": 7,
  "is_tuner": false
}