{
  "id": 27541563,
  "name": "Altergeist Protocol",
  "is_illegal": false,
  "is_custom": false,
  "text": "The activation and effects of \"Altergeist\" cards activated on your field cannot be negated. When your opponent activates a monster effect: You can send 1 other face-up \"Altergeist\" card you control to the GY; negate the activation, and if you do, destroy it. You can only use this effect of \"Altergeist Protocol\" once per turn.",
  "images": [
    "https://storage.googleapis.com/ygoprodeck.com/pics/27541563.jpg"
  ],
  "type": "Trap",
  "trap_type": "Continuous"
}