{
  "id": 98753320,
  "name": "Altergeist Failover",
  "is_illegal": false,
  "is_custom": false,
  "text": "If another card(s) you control is destroyed by an opponent\u0027s card effect (except during the Damage Step): You can Special Summon 1 \"Altergeist\" monster from your hand. You can banish this card from your GY, then target 1 \"Altergeist\" monster in your GY; add it to your hand. You can only use each effect of \"Altergeist Failover\" once per turn.",
  "images": [
    "https://storage.googleapis.com/ygoprodeck.com/pics/98753320.jpg"
  ],
  "type": "Trap",
  "trap_type": "Continuous"
}