{
  "id": 1508649,
  "name": "Altergeist Hexstia",
  "is_illegal": false,
  "is_custom": false,
  "text": "2 \"Altergeist\" monsters\nGains ATK equal to the original ATK of each \"Altergeist\" monster it points to. When a Spell/Trap Card or effect is activated (Quick Effect): You can Tribute 1 \"Altergeist\" monster this card points to; negate the activation, and if you do, destroy that card. If this card is sent from the field to the GY: You can add 1 \"Altergeist\" card from your Deck to your hand. You can only use this effect of \"Altergeist Hexstia\" once per turn.",
  "images": [
    "https://storage.googleapis.com/ygoprodeck.com/pics/1508649.jpg"
  ],
  "type": "Monster",
  "attribute": "FIRE",
  "atk": 1500,
  "species": "Spellcaster",
  "monster_type": "Link",
  "is_pendulum": false,
  "ability": "",
  "has_effect": true,
  "link_rating": 2,
  "link_arrows": 40
}