{
  "id": 27632240,
  "name": "Altitude Knight",
  "is_illegal": false,
  "is_custom": false,
  "text": "Once per turn, if another monster on the field returns to the hand or Main Deck: Send 1 WIND monster from your Deck to the Graveyard.",
  "images": [
    "https://storage.googleapis.com/ygoprodeck.com/pics/27632240.jpg"
  ],
  "type": "Monster",
  "attribute": "WIND",
  "atk": 1400,
  "species": "Warrior",
  "monster_type": "",
  "is_pendulum": false,
  "ability": "",
  "has_effect": true,
  "def": 1200,
  "level": 4,
  "is_tuner": false
}