{
  "id": 662855,
  "name": "Amatsu-Okami of the Divine Peaks",
  "is_illegal": false,
  "is_custom": false,
  "text": "3+ Dragon Effect Monsters\nMust be Link Summoned. If this Extra Linked card attacks your opponent directly and reduces their LP to 0, you win the Match. ",
  "images": [
    "https://storage.googleapis.com/ygoprodeck.com/pics/662855.jpg"
  ],
  "type": "Monster",
  "attribute": "LIGHT",
  "atk": 3000,
  "species": "Dragon",
  "monster_type": "Link",
  "is_pendulum": false,
  "ability": "",
  "has_effect": true,
  "link_rating": 4,
  "link_arrows": 170
}