{
  "id": 84539520,
  "name": "Amazoness Princess",
  "is_illegal": false,
  "is_custom": false,
  "text": "This card\u0027s name becomes \"Amazoness Queen\" while on the field or in the GY. If this card is Normal or Special Summoned: You can add 1 \"Amazoness\" Spell/Trap from your Deck to your hand. You can only use this effect of \"Amazoness Princess\" once per turn. When this card declares an attack: You can send 1 other card from your hand or field to the GY; Special Summon 1 \"Amazoness\" monster from your Deck in Defense Position, except \"Amazoness Princess\".",
  "images": [
    "https://storage.googleapis.com/ygoprodeck.com/pics/84539520.jpg"
  ],
  "type": "Monster",
  "attribute": "EARTH",
  "atk": 1200,
  "species": "Warrior",
  "monster_type": "",
  "is_pendulum": false,
  "ability": "",
  "has_effect": true,
  "def": 900,
  "level": 3,
  "is_tuner": false
}