{
  "id": 22082163,
  "name": "Amazoness Willpower",
  "is_illegal": false,
  "is_custom": false,
  "text": "Select 1 \"Amazoness\" monster in your Graveyard and Special Summon it in Attack Position. It cannot change its battle position and must attack if able. When this card is removed from the field, destroy that monster. When that monster is destroyed, destroy this card.",
  "images": [
    "https://storage.googleapis.com/ygoprodeck.com/pics/22082163.jpg"
  ],
  "type": "Trap",
  "trap_type": "Continuous"
}