{
  "id": 10979723,
  "name": "Amazoness Tiger",
  "is_illegal": false,
  "is_custom": false,
  "text": "You can only control 1 \"Amazoness Tiger\". This card gains 400 ATK for each \"Amazoness\" monster you control. Your opponent cannot attack any face-up \"Amazoness\" monsters, except this one.",
  "images": [
    "https://storage.googleapis.com/ygoprodeck.com/pics/10979723.jpg"
  ],
  "type": "Monster",
  "attribute": "EARTH",
  "atk": 1100,
  "species": "Beast",
  "monster_type": "",
  "is_pendulum": false,
  "ability": "",
  "has_effect": true,
  "def": 1500,
  "level": 4,
  "is_tuner": false
}