{
  "id": 37663536,
  "name": "Ancient Gear Megaton Golem",
  "is_illegal": false,
  "is_custom": false,
  "text": "3 \"Ancient Gear\" monsters\nIf this card attacks, your opponent cannot activate Spell/Trap Cards until the end of the Damage Step. If this card was Fusion Summoned using 2 or more \"Ancient Gear Golem\" and/or \"Ancient Gear Golem - Ultimate Pound\" as material, it can attack up to that many times during each Battle Phase. If this face-up Fusion Summoned card in its owner\u0027s control leaves the field because of an opponent\u0027s card effect: You can Special Summon 1 \"Ultimate Ancient Gear Golem\" from your Extra Deck, ignoring its Summoning conditions.",
  "images": [
    "https://storage.googleapis.com/ygoprodeck.com/pics/37663536.jpg"
  ],
  "type": "Monster",
  "attribute": "EARTH",
  "atk": 3300,
  "species": "Machine",
  "monster_type": "Fusion",
  "is_pendulum": false,
  "ability": "",
  "has_effect": true,
  "def": 3300,
  "level": 9,
  "is_tuner": false
}