{
  "id": 39303359,
  "name": "Ancient Gear Knight",
  "is_illegal": false,
  "is_custom": false,
  "text": "This card is treated as a Normal Monster while face-up on the field or in the Graveyard. While this card is a Normal Monster on the field, you can Normal Summon it to have it become an Effect Monster with this effect.\n? If this card attacks, your opponent cannot activate any Spell/Trap Cards until the end of the Damage Step.",
  "images": [
    "https://storage.googleapis.com/ygoprodeck.com/pics/39303359.jpg"
  ],
  "type": "Monster",
  "attribute": "EARTH",
  "atk": 1800,
  "species": "Machine",
  "monster_type": "",
  "is_pendulum": false,
  "ability": "Gemini",
  "has_effect": true,
  "def": 500,
  "level": 4,
  "is_tuner": false
}