{
  "id": 36821538,
  "name": "Ancient Sorcerer",
  "is_illegal": false,
  "is_custom": false,
  "text": "Armed with an array of magic wands, this creature is capable of multiple attacks.",
  "images": [
    "https://storage.googleapis.com/ygoprodeck.com/pics/36821538.jpg"
  ],
  "type": "Monster",
  "attribute": "DARK",
  "atk": 1000,
  "species": "Spellcaster",
  "monster_type": "",
  "is_pendulum": false,
  "ability": "",
  "has_effect": false,
  "def": 1300,
  "level": 4,
  "is_tuner": false
}