{
  "id": 25958491,
  "name": "Ancient Sacred Wyvern",
  "is_illegal": false,
  "is_custom": false,
  "text": "1 LIGHT Tuner + 1 or more non-Tuner monsters\nWhile your LP is higher than your opponent\u0027s, this card gains ATK equal to the difference. While your LP is lower than your opponent\u0027s, this card loses ATK equal to the difference. When this card is destroyed by battle and sent to the Graveyard: You can pay 1000 LP; Special Summon this card.",
  "images": [
    "https://storage.googleapis.com/ygoprodeck.com/pics/25958491.jpg"
  ],
  "type": "Monster",
  "attribute": "LIGHT",
  "atk": 2100,
  "species": "Fairy",
  "monster_type": "Synchro",
  "is_pendulum": false,
  "ability": "",
  "has_effect": true,
  "def": 2000,
  "level": 7,
  "is_tuner": false
}