{
  "id": 14015067,
  "name": "Ancient One of the Deep Forest",
  "is_illegal": false,
  "is_custom": false,
  "text": "This creature adopts the form of a white goat living in the forest, but is actually a Forest Elder.",
  "images": [
    "https://storage.googleapis.com/ygoprodeck.com/pics/14015067.jpg"
  ],
  "type": "Monster",
  "attribute": "EARTH",
  "atk": 1800,
  "species": "Beast",
  "monster_type": "",
  "is_pendulum": false,
  "ability": "",
  "has_effect": false,
  "def": 1900,
  "level": 6,
  "is_tuner": false
}