{
  "id": 50933533,
  "name": "Ancient Gear Gadjiltron Dragon",
  "is_illegal": false,
  "is_custom": false,
  "text": "If this card attacks, your opponent cannot activate any Spell/Trap Cards until the end of the Damage Step. This card gains the appropriate effects if you Normal Summon it by Tributing these monsters.\n? Green Gadget: If this card attacks a Defense Position monster, inflict piercing battle damage to your opponent. \n? Red Gadget: If this card inflicts battle damage to your opponent: Inflict 400 damage to your opponent. \n? Yellow Gadget: If this card destroys an opponent\u0027s monster by battle: Inflict 600 damage to your opponent.",
  "images": [
    "https://storage.googleapis.com/ygoprodeck.com/pics/50933533.jpg"
  ],
  "type": "Monster",
  "attribute": "EARTH",
  "atk": 3000,
  "species": "Machine",
  "monster_type": "",
  "is_pendulum": false,
  "ability": "",
  "has_effect": true,
  "def": 2000,
  "level": 8,
  "is_tuner": false
}