{
  "id": 13923256,
  "name": "Ancient Warriors - Eccentric Lu Jing",
  "is_illegal": false,
  "is_custom": false,
  "text": "You can target 1 Continuous Spell/Trap you control; send it to the GY, and if you do, add 1 \"Ancient Warriors\" Spell/Trap with a different name from your GY to your hand. If your other \"Ancient Warriors\" monster\u0027s effect is activated (except during the Damage Step): You can target 1 Spell/Trap your opponent controls; destroy it. You can only use each effect of \"Ancient Warriors - Eccentric Lu Jing\" once per turn.",
  "images": [
    "https://storage.googleapis.com/ygoprodeck.com/pics/13923256.jpg"
  ],
  "type": "Monster",
  "attribute": "WATER",
  "atk": 700,
  "species": "Beast-Warrior",
  "monster_type": "",
  "is_pendulum": false,
  "ability": "",
  "has_effect": true,
  "def": 2000,
  "level": 4,
  "is_tuner": false
}