{
  "id": 76416959,
  "name": "Ancient Warriors - Loyal Guan Yun",
  "is_illegal": false,
  "is_custom": false,
  "text": "If only your opponent controls a monster: You can Special Summon this card from your hand. Your opponent cannot target other \"Ancient Warriors\" monsters you control with card effects. If your opponent controls more monsters than you do: You can target 1 monster your opponent controls; destroy it. You can only use this effect of \"Ancient Warriors - Loyal Guan Yun\" once per turn.",
  "images": [
    "https://storage.googleapis.com/ygoprodeck.com/pics/76416959.jpg"
  ],
  "type": "Monster",
  "attribute": "WIND",
  "atk": 2500,
  "species": "Beast-Warrior",
  "monster_type": "",
  "is_pendulum": false,
  "ability": "",
  "has_effect": true,
  "def": 1800,
  "level": 7,
  "is_tuner": false
}