{
  "id": 80045583,
  "name": "Ancient Gear Cannon",
  "is_illegal": false,
  "is_custom": false,
  "text": "You can Tribute this card; inflict 500 damage to your opponent, and if you do, neither player can activate Trap Cards during the Battle Phase of this turn.",
  "images": [
    "https://storage.googleapis.com/ygoprodeck.com/pics/80045583.jpg"
  ],
  "type": "Monster",
  "attribute": "EARTH",
  "atk": 500,
  "species": "Machine",
  "monster_type": "",
  "is_pendulum": false,
  "ability": "",
  "has_effect": true,
  "def": 500,
  "level": 2,
  "is_tuner": false
}