{
  "id": 11711438,
  "name": "Ancient Warriors Saga - Three Visits",
  "is_illegal": false,
  "is_custom": false,
  "text": "During your Main Phase, if you Normal or Special Summon an \"Ancient Warriors\" monster(s): You can target 1 of those monsters; add 1 \"Ancient Warriors\" monster with a different name from your Deck to your hand. If this card is sent from the Spell \u0026 Trap Zone to the GY: You can Special Summon 1 \"Ancient Warriors\" monster from your hand. You can only use each effect of \"Ancient Warriors Saga - Three Visits\" once per turn. Send this card to the GY during your 2nd Standby Phase after activation.",
  "images": [
    "https://storage.googleapis.com/ygoprodeck.com/pics/11711438.jpg"
  ],
  "type": "Spell",
  "spell_type": "Continuous"
}