{
  "id": 10509340,
  "name": "Ancient Gear Beast",
  "is_illegal": false,
  "is_custom": false,
  "text": "Cannot be Special Summoned. If this card attacks, your opponent cannot activate any Spell/Trap Cards until the end of the Damage Step. Negate the effects of an opponent\u0027s monster destroyed by battle with this card (including in the Graveyard).",
  "images": [
    "https://storage.googleapis.com/ygoprodeck.com/pics/10509340.jpg"
  ],
  "type": "Monster",
  "attribute": "EARTH",
  "atk": 2000,
  "species": "Machine",
  "monster_type": "",
  "is_pendulum": false,
  "ability": "",
  "has_effect": true,
  "def": 2000,
  "level": 6,
  "is_tuner": false
}