{
  "id": 87979586,
  "name": "Angel Trumpeter",
  "is_illegal": false,
  "is_custom": false,
  "text": "This beautiful, fairy-like flower generates a delusional mist to keep intruders away from the deepest parts of the forest, where sacred beasts dwell.",
  "images": [
    "https://storage.googleapis.com/ygoprodeck.com/pics/87979586.jpg"
  ],
  "type": "Monster",
  "attribute": "EARTH",
  "atk": 1900,
  "species": "Plant",
  "monster_type": "",
  "is_pendulum": false,
  "ability": "",
  "has_effect": false,
  "def": 1600,
  "level": 4,
  "is_tuner": true
}