{
  "id": 13250922,
  "name": "Anteatereatingant",
  "is_illegal": false,
  "is_custom": false,
  "text": "This card cannot be Normal Summoned or Set. This card cannot be Special Summoned except by sending 2 Spell or Trap Cards you control to the Graveyard. You can destroy 1 Spell or Trap Card your opponent controls. If you activate this effect, this card cannot attack during this turn.",
  "images": [
    "https://storage.googleapis.com/ygoprodeck.com/pics/13250922.jpg"
  ],
  "type": "Monster",
  "attribute": "EARTH",
  "atk": 2000,
  "species": "Insect",
  "monster_type": "",
  "is_pendulum": false,
  "ability": "",
  "has_effect": true,
  "def": 500,
  "level": 5,
  "is_tuner": false
}