{
  "id": 43583400,
  "name": "Antialian",
  "is_illegal": false,
  "is_custom": false,
  "text": "Once per turn, if this card battled a monster this Battle Phase, you can (Quick Effect): Immediately after this effect resolves, Normal Summon 1 Cyberse monster. If this face-up card you control leaves the field because of an opponent\u0027s card effect: Draw 1 card.",
  "images": [
    "https://storage.googleapis.com/ygoprodeck.com/pics/43583400.jpg"
  ],
  "type": "Monster",
  "attribute": "EARTH",
  "atk": 1900,
  "species": "Cyberse",
  "monster_type": "",
  "is_pendulum": false,
  "ability": "",
  "has_effect": true,
  "def": 600,
  "level": 4,
  "is_tuner": false
}