{
  "id": 31975743,
  "name": "Ape Magician",
  "is_illegal": false,
  "is_custom": false,
  "text": "Cannot be Special Summoned. Once per turn, if this card is in face-up Attack Position: You can send 1 monster from your hand to the Graveyard to target 1 face-up Defense Position monster your opponent controls; take control of it until the End Phase. It cannot change its battle position this turn.",
  "images": [
    "https://storage.googleapis.com/ygoprodeck.com/pics/31975743.jpg"
  ],
  "type": "Monster",
  "attribute": "DARK",
  "atk": 800,
  "species": "Beast",
  "monster_type": "",
  "is_pendulum": false,
  "ability": "",
  "has_effect": true,
  "def": 1200,
  "level": 3,
  "is_tuner": false
}