{
  "id": 77102944,
  "name": "Appliancer Laundry Dragon",
  "is_illegal": false,
  "is_custom": false,
  "text": "1 \"Appliancer\" monster\nCannot be used as Link Material the turn it is Link Summoned. Neither player takes battle damage from attacks involving this card. Once per turn, after damage calculation, if this co-linked card battled an opponent\u0027s monster: You can banish that opponent\u0027s monster. Once per turn, after damage calculation, if this card that is not co-linked battled an opponent\u0027s monster: You can destroy that opponent\u0027s monster, and if you do, inflict damage to your opponent equal to the destroyed monster\u0027s original ATK.",
  "images": [
    "https://storage.googleapis.com/ygoprodeck.com/pics/77102944.jpg"
  ],
  "type": "Monster",
  "attribute": "WATER",
  "atk": 1500,
  "species": "Machine",
  "monster_type": "Link",
  "is_pendulum": false,
  "ability": "",
  "has_effect": true,
  "link_rating": 1,
  "link_arrows": 2
}