{
  "id": 56132807,
  "name": "Apple Magician Girl",
  "is_illegal": false,
  "is_custom": false,
  "text": "Once per turn, if this card is targeted for an attack: You can Special Summon 1 Level 5 or lower Spellcaster-Type monster from your hand, then change the attack target to it, and if you do, the attacking monster\u0027s ATK becomes half its current ATK. If this card is destroyed by battle or card effect: You can target up to 3 other \"Magician Girl\" monsters with different names in your Graveyard; add them to your hand.",
  "images": [
    "https://storage.googleapis.com/ygoprodeck.com/pics/56132807.jpg"
  ],
  "type": "Monster",
  "attribute": "FIRE",
  "atk": 1200,
  "species": "Spellcaster",
  "monster_type": "",
  "is_pendulum": false,
  "ability": "",
  "has_effect": true,
  "def": 800,
  "level": 3,
  "is_tuner": false
}