{
  "id": 3875465,
  "name": "Appliancer Electrilyrical World",
  "is_illegal": false,
  "is_custom": false,
  "text": "When this card is activated: You can add 1 \"Appliancer\" card from your Deck to your hand, except a Field Spell. Once per turn, if you Link Summon an \"Appliancer\" Link Monster: You can add 1 \"Appliancer\" monster from your GY to your hand. Once per turn, when a monster declares an attack: You can move 1 \"Appliancer\" monster you control to another of your Main Monster Zones. You can only activate 1 \"Appliancer Electrilyrical World\" per turn.",
  "images": [
    "https://storage.googleapis.com/ygoprodeck.com/pics/3875465.jpg"
  ],
  "type": "Spell",
  "spell_type": "Field"
}