{
  "id": 78447174,
  "name": "Appliancer Socketroll",
  "is_illegal": false,
  "is_custom": false,
  "text": "If you control an \"Appliancer\" monster: You can Special Summon this card from your hand. If another \"Appliancer Socketroll\" is Special Summoned to your field while you control this monster (except during the Damage Step): You can Special Summon 1 \"Appliancer Socketroll\" from your Deck. You can only use each effect of \"Appliancer Socketroll\" once per turn.",
  "images": [
    "https://storage.googleapis.com/ygoprodeck.com/pics/78447174.jpg"
  ],
  "type": "Monster",
  "attribute": "DARK",
  "atk": 100,
  "species": "Machine",
  "monster_type": "",
  "is_pendulum": false,
  "ability": "",
  "has_effect": true,
  "def": 100,
  "level": 1,
  "is_tuner": false
}