{
  "id": 6150044,
  "name": "Arcana Knight Joker",
  "is_illegal": false,
  "is_custom": false,
  "text": "\"Queen\u0027s Knight\" + \"Jack\u0027s Knight\" + \"King\u0027s Knight\"\nA Fusion Summon of this card can only be done with the above materials. Once per turn, when a Spell/Trap Card, or monster effect, is activated that targets this face-up card on the field (Quick Effect): You can discard the same type of card (Monster, Spell, or Trap); negate the effect.",
  "images": [
    "https://storage.googleapis.com/ygoprodeck.com/pics/6150044.jpg",
    "https://storage.googleapis.com/ygoprodeck.com/pics/6150045.jpg"
  ],
  "type": "Monster",
  "attribute": "LIGHT",
  "atk": 3800,
  "species": "Warrior",
  "monster_type": "Fusion",
  "is_pendulum": false,
  "ability": "",
  "has_effect": true,
  "def": 2500,
  "level": 9,
  "is_tuner": false
}