{
  "id": 8396952,
  "name": "Arcana Force I - The Magician",
  "is_illegal": false,
  "is_custom": false,
  "text": "When this card is Summoned, toss a coin:\n? Heads: When a Spell Card is activated, this card\u0027s ATK becomes double its original ATK until the End Phase of that turn.\n? Tails: When a Spell Card is activated, your opponent gains 500 Life Points.",
  "images": [
    "https://storage.googleapis.com/ygoprodeck.com/pics/8396952.jpg"
  ],
  "type": "Monster",
  "attribute": "LIGHT",
  "atk": 1100,
  "species": "Fairy",
  "monster_type": "",
  "is_pendulum": false,
  "ability": "",
  "has_effect": true,
  "def": 1100,
  "level": 4,
  "is_tuner": false
}