{
  "id": 64454614,
  "name": "Arcana Extra Joker",
  "is_illegal": false,
  "is_custom": false,
  "text": "3 Warrior monsters with different names\nOnce per turn, when a Spell/Trap Card, or monster effect, is activated that targets this face-up card on the field or a monster this card points to (Quick Effect): You can discard the same type of card (Monster, Spell, or Trap); negate the activation. When this Link Summoned card is destroyed by battle and sent to the GY: You can Special Summon 1 Level 4 Warrior Normal Monster from your Deck, and if you do, add 1 Level 4 Warrior monster from your Deck to your hand.",
  "images": [
    "https://storage.googleapis.com/ygoprodeck.com/pics/64454614.jpg"
  ],
  "type": "Monster",
  "attribute": "LIGHT",
  "atk": 2800,
  "species": "Warrior",
  "monster_type": "Link",
  "is_pendulum": false,
  "ability": "",
  "has_effect": true,
  "link_rating": 3,
  "link_arrows": 82
}