{
  "id": 33212663,
  "name": "Archnemeses Eschatos",
  "is_illegal": false,
  "is_custom": false,
  "text": "Cannot be Normal Summoned/Set. Must first be Special Summoned (from your hand) by banishing 3 monsters with different Types from your GY and/or face-up field. Cannot be destroyed by card effects. You can declare 1 Monster Type on the field; destroy all monsters on the field with that Type, also until the end of the next turn, neither player can Special Summon monsters with that Type. You can only use this effect of \"Archnemeses Eschatos\" once per turn.",
  "images": [
    "https://storage.googleapis.com/ygoprodeck.com/pics/33212663.jpg"
  ],
  "type": "Monster",
  "attribute": "LIGHT",
  "atk": 3000,
  "species": "Dragon",
  "monster_type": "",
  "is_pendulum": false,
  "ability": "",
  "has_effect": true,
  "def": 2500,
  "level": 11,
  "is_tuner": false
}