{
  "id": 61248471,
  "name": "Archfiend\u0027s Ascent",
  "is_illegal": false,
  "is_custom": false,
  "text": "2 Level 6 monsters\nThis card\u0027s name becomes \"Summoned Skull\" on the field, but is still treated as an \"Archfiend\" card. If \"Summoned Skull(s)\" you control would be destroyed by battle or card effect, you can detach 1 material from this card instead. If this Xyz Summoned card you control is sent to your GY by an opponent\u0027s card: You can Special Summon 1 \"Summoned Skull\" from your hand, Deck, or GY.",
  "images": [
    "https://storage.googleapis.com/ygoprodeck.com/pics/61248471.jpg"
  ],
  "type": "Monster",
  "attribute": "DARK",
  "atk": 2500,
  "species": "Fiend",
  "monster_type": "Xyz",
  "is_pendulum": false,
  "ability": "",
  "has_effect": true,
  "def": 1200,
  "rank": 6
}