{
  "id": 84341431,
  "name": "Archfiend Giant",
  "is_illegal": false,
  "is_custom": false,
  "text": "If this face-up card on the field would be destroyed by a card effect, you can pay 500 LP instead. This effect can only be used once while this card is face-up on the field. If this card is destroyed by a card effect and sent to the Graveyard: You can Special Summon 1 \"Archfiend\" monster from your hand.",
  "images": [
    "https://storage.googleapis.com/ygoprodeck.com/pics/84341431.jpg"
  ],
  "type": "Monster",
  "attribute": "DARK",
  "atk": 2400,
  "species": "Fiend",
  "monster_type": "",
  "is_pendulum": false,
  "ability": "",
  "has_effect": true,
  "def": 1600,
  "level": 6,
  "is_tuner": false
}