{
  "id": 15150371,
  "name": "Archfiend Mirror",
  "is_illegal": false,
  "is_custom": false,
  "text": "A wicked mirror that hypnotizes enemies, diverting attacks from their intended targets.",
  "images": [
    "https://storage.googleapis.com/ygoprodeck.com/pics/15150371.jpg"
  ],
  "type": "Monster",
  "attribute": "DARK",
  "atk": 700,
  "species": "Fiend",
  "monster_type": "",
  "is_pendulum": false,
  "ability": "",
  "has_effect": false,
  "def": 600,
  "level": 2,
  "is_tuner": false
}