{
  "id": 14430063,
  "name": "Archfiend Interceptor",
  "is_illegal": false,
  "is_custom": false,
  "text": "While you control this face-up Attack Position card, when an opponent\u0027s monster declares an attack, inflict 500 damage to your opponent.",
  "images": [
    "https://storage.googleapis.com/ygoprodeck.com/pics/14430063.jpg"
  ],
  "type": "Monster",
  "attribute": "DARK",
  "atk": 1400,
  "species": "Fiend",
  "monster_type": "",
  "is_pendulum": false,
  "ability": "",
  "has_effect": true,
  "def": 1600,
  "level": 4,
  "is_tuner": false
}