{
  "id": 38173725,
  "name": "Arcjet Lightcraft",
  "is_illegal": false,
  "is_custom": false,
  "text": "If you control no monsters, you can Normal Summon this card without Tributing. If this card is Normal or Special Summoned: You can target 1 Level 8 or lower Machine monster in your GY; Special Summon it in Defense Position, and if you do, its Level becomes 9, also negate its effects. You can only use this effect of \"Arcjet Lightcraft\" once per turn. You cannot Special Summon monsters from the Extra Deck, except Machine Xyz Monsters.",
  "images": [
    "https://storage.googleapis.com/ygoprodeck.com/pics/38173725.jpg"
  ],
  "type": "Monster",
  "attribute": "LIGHT",
  "atk": 0,
  "species": "Machine",
  "monster_type": "",
  "is_pendulum": false,
  "ability": "",
  "has_effect": true,
  "def": 2100,
  "level": 9,
  "is_tuner": false
}