{
  "id": 101103005,
  "name": "Armed Dragon LV10 - White",
  "is_illegal": false,
  "is_custom": false,
  "text": "Cannot be Normal Summoned/Set. Must be Special Summoned by its own effect. You can banish \"Armed Dragon\" monsters from your field or GY whose total Levels equal 10; Special Summon this card from your hand, then you can add 1 \"White Veil\" from your Deck to your hand. You can only use this effect of \"Armed Dragon LV10 - White\" once per turn. You take no effect damage. At the start of the Damage Step, if this card attacks: You can destroy 1 card on the field.",
  "images": [
    "https://storage.googleapis.com/ygoprodeck.com/pics/101103005.jpg"
  ],
  "type": "Monster",
  "attribute": "LIGHT",
  "atk": 3000,
  "species": "Dragon",
  "monster_type": "",
  "is_pendulum": false,
  "ability": "",
  "has_effect": true,
  "def": 2000,
  "level": 10,
  "is_tuner": false
}