{
  "id": 84430950,
  "name": "Armed Samurai - Ben Kei",
  "is_illegal": false,
  "is_custom": false,
  "text": "For each Equip Card equipped to this card, it gains 1 additional attack during each Battle Phase.",
  "images": [
    "https://storage.googleapis.com/ygoprodeck.com/pics/84430950.jpg"
  ],
  "type": "Monster",
  "attribute": "DARK",
  "atk": 500,
  "species": "Warrior",
  "monster_type": "",
  "is_pendulum": false,
  "ability": "",
  "has_effect": true,
  "def": 800,
  "level": 4,
  "is_tuner": false
}