{
  "id": 90374791,
  "name": "Armed Changer",
  "is_illegal": false,
  "is_custom": false,
  "text": "Send 1 Equip Spell Card from your hand to the Graveyard to activate this card. If the equipped monster destroys a monster by battle, the controller of this Equip Card can add 1 monster with ATK equal to or less than the equipped monster from their Graveyard to their hand.",
  "images": [
    "https://storage.googleapis.com/ygoprodeck.com/pics/90374791.jpg"
  ],
  "type": "Spell",
  "spell_type": "Equip"
}