{
  "id": 980973,
  "name": "Armed Dragon LV3",
  "is_illegal": false,
  "is_custom": false,
  "text": "During your Standby Phase: You can send this card to the GY; Special Summon 1 \"Armed Dragon LV5\" from your hand or Deck.",
  "images": [
    "https://storage.googleapis.com/ygoprodeck.com/pics/980973.jpg"
  ],
  "type": "Monster",
  "attribute": "WIND",
  "atk": 1200,
  "species": "Dragon",
  "monster_type": "",
  "is_pendulum": false,
  "ability": "",
  "has_effect": true,
  "def": 900,
  "level": 3,
  "is_tuner": false
}