{
  "id": 86915847,
  "name": "Armored Bee",
  "is_illegal": false,
  "is_custom": false,
  "text": "Once per turn: You can target 1 face-up monster your opponent controls; halve that target\u0027s ATK until the End Phase.",
  "images": [
    "https://storage.googleapis.com/ygoprodeck.com/pics/86915847.jpg"
  ],
  "type": "Monster",
  "attribute": "WIND",
  "atk": 1600,
  "species": "Insect",
  "monster_type": "",
  "is_pendulum": false,
  "ability": "",
  "has_effect": true,
  "def": 1200,
  "level": 4,
  "is_tuner": false
}