{
  "id": 73333463,
  "name": "Armoroid",
  "is_illegal": false,
  "is_custom": false,
  "text": "If this card is Tribute Summoned by Tributing at least 1 \"roid\" monster: Banish all Spells and Traps on the field.",
  "images": [
    "https://storage.googleapis.com/ygoprodeck.com/pics/73333463.jpg"
  ],
  "type": "Monster",
  "attribute": "EARTH",
  "atk": 2700,
  "species": "Machine",
  "monster_type": "",
  "is_pendulum": false,
  "ability": "",
  "has_effect": true,
  "def": 2000,
  "level": 8,
  "is_tuner": false
}